"ID","monthdata"
"1","10029_2014_6",0
"2","10029_2014_7",0
"3","10117_2014_6",0
"4","10117_2014_7",0
"5","10127_2014_6",0
"6","10127_2014_7",0
"7","10175_2014_6",0
"8","10175_2014_7",0
"9","10236_2014_6",0
"10","10236_2014_7",0
"11","10266_2014_6",0
"12","10266_2014_7",0
"13","10270_2014_6",0
"14","10270_2014_7",0
"15","10278_2014_6",0.229323168694231
"16","10278_2014_7",0.229323168694231
"17","10397_2014_6",0
"18","10397_2014_7",0
"19","10466_2014_6",0
"20","10466_2014_7",0
"21","10557_2014_6",0
"22","10557_2014_7",0
"23","10726_2014_6",0
"24","10726_2014_7",0
"25","10770_2014_6",0
"26","10770_2014_7",0
"27","10794_2014_6",0
"28","10794_2014_7",0
"29","10800_2014_6",0
"30","10800_2014_7",0
"31","10853_2014_6",0
"32","10853_2014_7",0
"33","10867_2014_6",0
"34","10867_2014_7",0
"35","10918_2014_6",0
"36","10918_2014_7",0
"37","10938_2014_6",0
"38","10938_2014_7",0
"39","10939_2014_6",0
"40","10939_2014_7",0
"41","10998_2014_6",0
"42","10998_2014_7",0
"43","11031_2014_6",0
"44","11031_2014_7",0
"45","11034_2014_6",0.14306784660767
"46","11034_2014_7",0.144400697283001
"47","11048_2014_6",0
"48","11048_2014_7",0
"49","11056_2014_6",0
"50","11056_2014_7",0
"51","11077_2014_6",0
"52","11077_2014_7",0
"53","11089_2014_6",0.270995798760426
"54","11089_2014_7",0.270995798760426
"55","11101_2014_6",0
"56","11101_2014_7",0
"57","11102_2014_6",0
"58","11102_2014_7",0
"59","11134_2014_6",0
"60","11134_2014_7",0
"61","11143_2014_6",0
"62","11143_2014_7",0
"63","11177_2014_6",0
"64","11177_2014_7",0
"65","11204_2014_6",0
"66","11204_2014_7",0
"67","11241_2014_6",0
"68","11241_2014_7",0
"69","11243_2014_6",0
"70","11243_2014_7",0
"71","11247_2014_6",0
"72","11247_2014_7",0
"73","11249_2014_6",0
"74","11249_2014_7",0
"75","11252_2014_6",0
"76","11252_2014_7",0
"77","11255_2014_6",0
"78","11255_2014_7",0
"79","11265_2014_6",0
"80","11265_2014_7",0
"81","11270_2014_6",0.250881573189879
"82","11270_2014_7",0.252821452220187
"83","11274_2014_6",0.276442690416801
"84","11274_2014_7",0.276442690416801
"85","11278_2014_6",0
"86","11278_2014_7",0
"87","11289_2014_6",0
"88","11289_2014_7",0
"89","11294_2014_6",0
"90","11294_2014_7",0
"91","11301_2014_6",0
"92","11301_2014_7",0
"93","11302_2014_6",0
"94","11302_2014_7",0
"95","11304_2014_6",0
"96","11304_2014_7",0
"97","11317_2014_6",0
"98","11317_2014_7",0
"99","11330_2014_6",0
"100","11330_2014_7",0
"101","11331_2014_6",0.280481524910969
"102","11331_2014_7",0.2812848408807
"103","11333_2014_6",0
"104","11333_2014_7",0
"105","11336_2014_6",0
"106","11336_2014_7",0
"107","11341_2014_6",0
"108","11341_2014_7",0
"109","11343_2014_6",0.263964429457196
"110","11343_2014_7",0.264268091684326
"111","11345_2014_6",0.278990581474638
"112","11345_2014_7",0.278990581474638
"113","11348_2014_6",0
"114","11348_2014_7",0
"115","11349_2014_6",0
"116","11349_2014_7",0
"117","11350_2014_6",0
"118","11350_2014_7",0
"119","11354_2014_6",0.0395189003436426
"120","11354_2014_7",0.0395189003436426
"121","11362_2014_6",0
"122","11362_2014_7",0
"123","11363_2014_6",0
"124","11363_2014_7",0
"125","11368_2014_6",0
"126","11368_2014_7",0
"127","11369_2014_6",0
"128","11369_2014_7",0
"129","11374_2014_6",0
"130","11374_2014_7",0
"131","11380_2014_6",0
"132","11380_2014_7",0
"133","11385_2014_6",0.268072769756253
"134","11385_2014_7",0.268072769756253
"135","11404_2014_6",0
"136","11404_2014_7",0
"137","11407_2014_6",0
"138","11407_2014_7",0
"139","11408_2014_6",0
"140","11408_2014_7",0
"141","11422_2014_6",0
"142","11422_2014_7",0
"143","11424_2014_6",0
"144","11424_2014_7",0
"145","11428_2014_6",0
"146","11428_2014_7",0
"147","11430_2014_6",0.2375
"148","11430_2014_7",0.2375
"149","11436_2014_6",0.264003700321406
"150","11436_2014_7",0.264009693468731
"151","11445_2014_6",0.257714139606239
"152","11445_2014_7",0.257714139606239
"153","11448_2014_6",0
"154","11448_2014_7",0
"155","11475_2014_6",0
"156","11475_2014_7",0
"157","11484_2014_6",0
"158","11484_2014_7",0
"159","11502_2014_6",0.247028443690742
"160","11502_2014_7",0.248250226879996
"161","11505_2014_6",0
"162","11505_2014_7",0
"163","11511_2014_6",0.278075635388445
"164","11511_2014_7",0.278075635388445
"165","11521_2014_6",0.208436093666573
"166","11521_2014_7",0.208436093666573
"167","11530_2014_6",0.282605495583906
"168","11530_2014_7",0.28539402690174
"169","11532_2014_6",0
"170","11532_2014_7",0
"171","11534_2014_6",0.256728087062429
"172","11534_2014_7",0.258160689741347
"173","11536_2014_6",0
"174","11536_2014_7",0
"175","11540_2014_6",0
"176","11540_2014_7",0
"177","11541_2014_6",0.265264675313298
"178","11541_2014_7",0.271002838924479
"179","11548_2014_6",0.274734425195609
"180","11548_2014_7",0.282316395420357
"181","11549_2014_6",0.291386283624133
"182","11549_2014_7",0.293143765440936
"183","11553_2014_6",0
"184","11553_2014_7",0
"185","11558_2014_6",0.290858742353336
"186","11558_2014_7",0.290984656779525
"187","11566_2014_6",0
"188","11566_2014_7",0
"189","11573_2014_6",0
"190","11573_2014_7",0
"191","11576_2014_6",0
"192","11576_2014_7",0
"193","11578_2014_6",0
"194","11578_2014_7",0
"195","11584_2014_6",0.291951263740534
"196","11584_2014_7",0.291951263740534
"197","11585_2014_6",0.26263054990316
"198","11585_2014_7",0.265988598200968
"199","11588_2014_6",0
"200","11588_2014_7",0
"201","11606_2014_6",0
"202","11606_2014_7",0
"203","11613_2014_6",0
"204","11613_2014_7",0
"205","11620_2014_6",0
"206","11620_2014_7",0
"207","11622_2014_6",0
"208","11622_2014_7",0
"209","11630_2014_6",0.186593671587317
"210","11630_2014_7",0.204308563213227
"211","11635_2014_6",0.256849294578003
"212","11635_2014_7",0.259160986527861
"213","11637_2014_6",0.5
"214","11637_2014_7",0.5
"215","11642_2014_6",0
"216","11642_2014_7",0
"217","11644_2014_6",0
"218","11644_2014_7",0
"219","11645_2014_6",0.0199864498644986
"220","11645_2014_7",0.0311653116531165
"221","11647_2014_6",0
"222","11647_2014_7",0
"223","11649_2014_6",0
"224","11649_2014_7",0
"225","11652_2014_6",0.270794741849673
"226","11652_2014_7",0.27193518691656
"227","11653_2014_6",0
"228","11653_2014_7",0
"229","11656_2014_6",0
"230","11656_2014_7",0
"231","11674_2014_6",0
"232","11674_2014_7",0
"233","11675_2014_6",0
"234","11675_2014_7",0
"235","11677_2014_6",0
"236","11677_2014_7",0
"237","11680_2014_6",0
"238","11680_2014_7",0
"239","11684_2014_6",0
"240","11684_2014_7",0
"241","11685_2014_6",0
"242","11685_2014_7",0
"243","11686_2014_6",0.201451843773431
"244","11686_2014_7",0.201451843773431
"245","11688_2014_6",0
"246","11688_2014_7",0
"247","11695_2014_6",0
"248","11695_2014_7",0
"249","11696_2014_6",0
"250","11696_2014_7",0
"251","11702_2014_6",0
"252","11702_2014_7",0
"253","11716_2014_6",0
"254","11716_2014_7",0
"255","11718_2014_6",0
"256","11718_2014_7",0
"257","11722_2014_6",0
"258","11722_2014_7",0
"259","11724_2014_6",0
"260","11724_2014_7",0
"261","11726_2014_6",0.208210368673744
"262","11726_2014_7",0.213263569312236
"263","11728_2014_6",0.251606670390551
"264","11728_2014_7",0.251606670390551
"265","11731_2014_6",0
"266","11731_2014_7",0
"267","11734_2014_6",0
"268","11734_2014_7",0
"269","11736_2014_6",0
"270","11736_2014_7",0
"271","11739_2014_6",0
"272","11739_2014_7",0
"273","11740_2014_6",0
"274","11740_2014_7",0
"275","11747_2014_6",0.250673970833396
"276","11747_2014_7",0.250673970833396
"277","11749_2014_6",0.235724122604693
"278","11749_2014_7",0.241081123382277
"279","11751_2014_6",0
"280","11751_2014_7",0
"281","11752_2014_6",0
"282","11752_2014_7",0
"283","11755_2014_6",0.238052329679147
"284","11755_2014_7",0.238052329679147
"285","11760_2014_6",0
"286","11760_2014_7",0
"287","11763_2014_6",0.262006063960741
"288","11763_2014_7",0.263448756565682
"289","11765_2014_6",0
"290","11765_2014_7",0
"291","11766_2014_6",0
"292","11766_2014_7",0
"293","11767_2014_6",0
"294","11767_2014_7",0
"295","11771_2014_6",0.192982456140351
"296","11771_2014_7",0.192982456140351
"297","11772_2014_6",0
"298","11772_2014_7",0
"299","11780_2014_6",0
"300","11780_2014_7",0
"301","11781_2014_6",0
"302","11781_2014_7",0
"303","11790_2014_6",0
"304","11790_2014_7",0
"305","11795_2014_6",0.305555555555556
"306","11795_2014_7",0.305555555555556
"307","11796_2014_6",0
"308","11796_2014_7",0
"309","11800_2014_6",0
"310","11800_2014_7",0
"311","11802_2014_6",0.268627909929067
"312","11802_2014_7",0.268839523966183
"313","11803_2014_6",0
"314","11803_2014_7",0
"315","11804_2014_6",0
"316","11804_2014_7",0
"317","11805_2014_6",0
"318","11805_2014_7",0
"319","11806_2014_6",0.067687595712098
"320","11806_2014_7",0.0743411927877947
"321","11807_2014_6",0
"322","11807_2014_7",0
"323","11812_2014_6",0
"324","11812_2014_7",0
"325","11825_2014_6",0
"326","11825_2014_7",0
"327","11837_2014_6",0
"328","11837_2014_7",0
"329","11838_2014_6",0
"330","11838_2014_7",0
"331","11845_2014_6",0
"332","11845_2014_7",0
"333","11847_2014_6",0
"334","11847_2014_7",0
"335","11849_2014_6",0
"336","11849_2014_7",0
"337","11850_2014_6",0
"338","11850_2014_7",0
"339","11854_2014_6",0.23181526619628
"340","11854_2014_7",0.23181526619628
"341","11857_2014_6",0.243753889926202
"342","11857_2014_7",0.243753889926202
"343","11858_2014_6",0
"344","11858_2014_7",0
"345","11862_2014_6",0
"346","11862_2014_7",0
"347","11869_2014_6",0.179042331714087
"348","11869_2014_7",0.179042331714087
"349","11877_2014_6",0.0632279534109817
"350","11877_2014_7",0.0678049987626825
"351","11886_2014_6",0
"352","11886_2014_7",0
"353","11888_2014_6",0
"354","11888_2014_7",0
"355","11899_2014_6",0
"356","11899_2014_7",0
"357","11905_2014_6",0
"358","11905_2014_7",0
"359","11907_2014_6",0
"360","11907_2014_7",0
"361","11909_2014_6",0
"362","11909_2014_7",0
"363","11915_2014_6",0
"364","11915_2014_7",0
"365","11917_2014_6",0
"366","11917_2014_7",0
"367","11918_2014_6",0
"368","11918_2014_7",0
"369","11922_2014_6",0
"370","11922_2014_7",0
"371","11926_2014_6",0
"372","11926_2014_7",0
"373","11927_2014_6",0
"374","11927_2014_7",0
"375","11931_2014_6",0
"376","11931_2014_7",0
"377","11932_2014_6",0
"378","11932_2014_7",0
"379","11973_2014_6",0
"380","11973_2014_7",0
"381","11983_2014_6",0.316744244076125
"382","11983_2014_7",0.316744244076125
"383","11987_2014_6",0
"384","11987_2014_7",0
"385","11989_2014_6",0
"386","11989_2014_7",0
"387","11992_2014_6",0.333333333333333
"388","11992_2014_7",0.333333333333333
"389","11993_2014_6",0
"390","11993_2014_7",0
"391","11995_2014_6",0
"392","11995_2014_7",0
"393","11996_2014_6",0
"394","11996_2014_7",0
"395","11997_2014_6",0.0612244897959184
"396","11997_2014_7",0.0707594179788718
"397","11999_2014_6",0
"398","11999_2014_7",0
"399","12000_2014_6",0
"400","12000_2014_7",0
"401","12001_2014_6",0
"402","12001_2014_7",0
"403","12002_2014_6",0
"404","12002_2014_7",0
"405","12003_2014_6",0
"406","12003_2014_7",0
"407","12004_2014_6",0
"408","12004_2014_7",0
"409","12005_2014_6",0
"410","12005_2014_7",0
"411","12008_2014_6",0
"412","12008_2014_7",0
"413","12012_2014_6",0
"414","12012_2014_7",0
"415","12015_2014_6",0
"416","12015_2014_7",0
"417","12016_2014_6",0
"418","12016_2014_7",0
"419","12018_2014_6",0
"420","12018_2014_7",0
"421","12022_2014_6",0
"422","12022_2014_7",0
"423","12032_2014_6",0
"424","12032_2014_7",0
"425","12034_2014_6",0
"426","12034_2014_7",0
"427","12036_2014_6",0
"428","12036_2014_7",0
"429","12041_2014_6",0
"430","12041_2014_7",0
"431","12042_2014_6",0.264664422772648
"432","12042_2014_7",0.264664422772648
"433","12045_2014_6",0
"434","12045_2014_7",0
"435","12049_2014_6",0.294217844005237
"436","12049_2014_7",0.296662944856386
"437","12054_2014_6",0
"438","12054_2014_7",0
"439","12055_2014_6",0.214783245023241
"440","12055_2014_7",0.214783245023241
"441","12058_2014_6",0
"442","12058_2014_7",0
"443","12068_2014_6",0.284832646304056
"444","12068_2014_7",0.284832646304056
"445","12071_2014_6",0
"446","12071_2014_7",0
"447","12074_2014_6",0
"448","12074_2014_7",0
"449","12075_2014_6",0.283497183152851
"450","12075_2014_7",0.285213241981108
"451","12076_2014_6",0
"452","12076_2014_7",0
"453","12080_2014_6",0
"454","12080_2014_7",0
"455","12092_2014_6",0
"456","12092_2014_7",0
"457","12094_2014_6",0
"458","12094_2014_7",0
"459","12095_2014_6",0.283575471452046
"460","12095_2014_7",0.285504245650997
"461","12100_2014_6",0.184809048416553
"462","12100_2014_7",0.18585521501127
"463","12101_2014_6",0.250448573418483
"464","12101_2014_7",0.252698049825203
"465","12102_2014_6",0.287703172528545
"466","12102_2014_7",0.28884995817842
"467","12103_2014_6",0.117362909147119
"468","12103_2014_7",0.117362909147119
"469","12105_2014_6",0
"470","12105_2014_7",0
"471","12107_2014_6",0.117647058823529
"472","12107_2014_7",0.117647058823529
"473","12111_2014_6",0.224763350810182
"474","12111_2014_7",0.224763350810182
"475","12113_2014_6",0.146775934831681
"476","12113_2014_7",0.155485870011573
"477","12115_2014_6",0
"478","12115_2014_7",0
"479","12116_2014_6",0
"480","12116_2014_7",0
"481","12118_2014_6",0
"482","12118_2014_7",0
"483","12120_2014_6",0
"484","12120_2014_7",0
"485","12127_2014_6",0.290425145348837
"486","12127_2014_7",0.29191283445074
"487","12129_2014_6",0.268613136621943
"488","12129_2014_7",0.273677738810238
"489","12131_2014_6",0
"490","12131_2014_7",0
"491","12132_2014_6",0
"492","12132_2014_7",0
"493","12136_2014_6",0
"494","12136_2014_7",0
"495","12137_2014_6",0
"496","12137_2014_7",0
"497","12140_2014_6",0
"498","12140_2014_7",0
"499","12144_2014_6",0
"500","12144_2014_7",0
"501","12148_2014_6",0
"502","12148_2014_7",0
"503","12151_2014_6",0
"504","12151_2014_7",0
"505","12153_2014_6",0
"506","12153_2014_7",0
"507","12155_2014_6",0
"508","12155_2014_7",0
"509","12156_2014_6",0
"510","12156_2014_7",0
"511","12158_2014_6",0
"512","12158_2014_7",0
"513","12160_2014_6",0.100331910858227
"514","12160_2014_7",0.100331910858227
"515","12165_2014_6",0
"516","12165_2014_7",0
"517","12167_2014_6",0
"518","12167_2014_7",0
"519","12168_2014_6",0
"520","12168_2014_7",0
"521","12169_2014_6",0
"522","12169_2014_7",0
"523","12170_2014_6",0
"524","12170_2014_7",0
"525","12171_2014_6",0
"526","12171_2014_7",0
"527","12176_2014_6",0
"528","12176_2014_7",0
"529","12179_2014_6",0.273988005997001
"530","12179_2014_7",0.273988005997001
"531","12182_2014_6",0
"532","12182_2014_7",0
"533","12186_2014_6",0.221433855616974
"534","12186_2014_7",0.226113509180421
"535","12188_2014_6",0
"536","12188_2014_7",0
"537","12189_2014_6",0
"538","12189_2014_7",0
"539","12190_2014_6",0.0459965928449744
"540","12190_2014_7",0.0609593604263824
"541","12191_2014_6",0.214285714285714
"542","12191_2014_7",0.214285714285714
"543","12192_2014_6",0.5
"544","12192_2014_7",0.5
"545","12193_2014_6",0
"546","12193_2014_7",0
"547","12194_2014_6",0
"548","12194_2014_7",0
"549","20117_2014_6",0
"550","20117_2014_7",0
"551","20118_2014_6",0
"552","20118_2014_7",0
"553","20124_2014_6",0.278851680141002
"554","20124_2014_7",0.280710108763976
"555","20127_2014_6",0.298913043478261
"556","20127_2014_7",0.298913043478261
"557","20128_2014_6",0
"558","20128_2014_7",0
"559","20131_2014_6",0
"560","20131_2014_7",0
"561","20140_2014_6",0
"562","20140_2014_7",0
"563","20142_2014_6",0
"564","20142_2014_7",0
"565","20143_2014_6",0.309486201347082
"566","20143_2014_7",0.309486201347082
"567","20152_2014_6",0
"568","20152_2014_7",0
"569","20153_2014_6",0
"570","20153_2014_7",0
"571","20154_2014_6",0
"572","20154_2014_7",0
"573","20158_2014_6",0
"574","20158_2014_7",0
"575","20162_2014_6",0
"576","20162_2014_7",0
"577","20167_2014_6",0
"578","20167_2014_7",0
"579","20171_2014_6",0
"580","20171_2014_7",0
"581","20172_2014_6",0
"582","20172_2014_7",0
"583","20174_2014_6",0
"584","20174_2014_7",0
"585","20179_2014_6",0.196481082622764
"586","20179_2014_7",0.196481082622764
"587","20181_2014_6",0
"588","20181_2014_7",0
"589","20182_2014_6",0.271416943838741
"590","20182_2014_7",0.271519186623859
"591","20183_2014_6",0.236801128475887
"592","20183_2014_7",0.236801128475887
"593","20185_2014_6",0.285714285714286
"594","20185_2014_7",0.285714285714286
"595","20189_2014_6",0
"596","20189_2014_7",0
"597","20190_2014_6",0
"598","20190_2014_7",0
"599","20191_2014_6",0.242788682913519
"600","20191_2014_7",0.242788682913519
"601","20192_2014_6",0.250858345331709
"602","20192_2014_7",0.262003321517983
"603","20195_2014_6",0.803030303030303
"604","20195_2014_7",0.803030303030303
"605","20198_2014_6",0
"606","20198_2014_7",0
"607","20199_2014_6",0.285328838073499
"608","20199_2014_7",0.289203157808081
"609","20200_2014_6",0
"610","20200_2014_7",0
"611","20201_2014_6",0
"612","20201_2014_7",0
"613","20203_2014_6",0
"614","20203_2014_7",0
"615","20204_2014_6",0
"616","20204_2014_7",0
"617","20210_2014_6",0
"618","20210_2014_7",0
"619","20218_2014_6",0.252315318057307
"620","20218_2014_7",0.252315318057307
"621","20219_2014_6",0.303520171592594
"622","20219_2014_7",0.303520171592594
"623","20220_2014_6",0
"624","20220_2014_7",0
"625","20221_2014_6",0
"626","20221_2014_7",0
"627","20224_2014_6",0
"628","20224_2014_7",0
"629","20225_2014_6",0.247862423037579
"630","20225_2014_7",0.251700283137278
"631","20226_2014_6",0
"632","20226_2014_7",0
"633","20227_2014_6",0.267718314755666
"634","20227_2014_7",0.268026212735583
"635","20230_2014_6",0
"636","20230_2014_7",0
"637","20233_2014_6",0
"638","20233_2014_7",0
"639","20235_2014_6",0
"640","20235_2014_7",0
"641","20237_2014_6",0
"642","20237_2014_7",0
"643","20240_2014_6",0.257298360095174
"644","20240_2014_7",0.257298360095174
"645","300133_2014_6",0
"646","300133_2014_7",0
"647","300194_2014_6",0
"648","300194_2014_7",0
"649","300197_2014_6",0
"650","300197_2014_7",0
"651","300272_2014_6",0
"652","300272_2014_7",0
"653","300313_2014_6",0
"654","300313_2014_7",0
"655","300333_2014_6",0
"656","300333_2014_7",0
"657","300363_2014_6",0.0776414576084966
"658","300363_2014_7",0.0776414576084966
"659","300389_2014_6",0
"660","300389_2014_7",0
"661","300540_2014_6",0
"662","300540_2014_7",0
"663","300591_2014_6",0
"664","300591_2014_7",0
"665","300592_2014_6",0
"666","300592_2014_7",0
"667","300593_2014_6",0
"668","300593_2014_7",0
"669","300770_2014_6",0
"670","300770_2014_7",0
"671","300771_2014_6",0
"672","300771_2014_7",0
"673","300773_2014_6",0
"674","300773_2014_7",0
"675","300801_2014_6",0
"676","300801_2014_7",0
"677","300838_2014_6",0
"678","300838_2014_7",0
"679","300881_2014_6",0
"680","300881_2014_7",0
"681","300952_2014_6",0.279833795973515
"682","300952_2014_7",0.282441174132517
"683","300968_2014_6",0
"684","300968_2014_7",0
"685","301313_2014_6",0
"686","301313_2014_7",0
"687","301338_2014_6",0
"688","301338_2014_7",0
"689","301372_2014_6",0
"690","301372_2014_7",0
"691","400001_2014_6",0.279129589239572
"692","400001_2014_7",0.280656939945306
"693","400002_2014_6",0
"694","400002_2014_7",0
"695","400003_2014_6",0
"696","400003_2014_7",0
"697","400004_2014_6",0
"698","400004_2014_7",0
"699","400005_2014_6",0
"700","400005_2014_7",0
"701","400006_2014_6",0.162790697674419
"702","400006_2014_7",0.162790697674419
"703","400008_2014_6",0
"704","400008_2014_7",0
"705","400010_2014_6",0.0921520371889526
"706","400010_2014_7",0.0923291291074625
"707","400011_2014_6",0.0892335766423358
"708","400011_2014_7",0.1
"709","400013_2014_6",0
"710","400013_2014_7",0
"711","400017_2014_6",0
"712","400017_2014_7",0
"713","400019_2014_6",0
"714","400019_2014_7",0
"715","400021_2014_6",0
"716","400021_2014_7",0
"717","400023_2014_6",0
"718","400023_2014_7",0
"719","400024_2014_6",0
"720","400024_2014_7",0
"721","400025_2014_6",0.16616678951783
"722","400025_2014_7",0.170022153989662
"723","400026_2014_6",0.25589305536593
"724","400026_2014_7",0.257227930900046
"725","400028_2014_6",0
"726","400028_2014_7",0
"727","400029_2014_6",0
"728","400029_2014_7",0
"729","400032_2014_6",0
"730","400032_2014_7",0
"731","400034_2014_6",0
"732","400034_2014_7",0
"733","400035_2014_6",0
"734","400035_2014_7",0
"735","400036_2014_6",0
"736","400036_2014_7",0
"737","400038_2014_6",0
"738","400038_2014_7",0
"739","400040_2014_6",0.233156795844579
"740","400040_2014_7",0.234254418720438
"741","400041_2014_6",0
"742","400041_2014_7",0
"743","400044_2014_6",0
"744","400044_2014_7",0
"745","400045_2014_6",0
"746","400045_2014_7",0
"747","400046_2014_6",0
"748","400046_2014_7",0
"749","400048_2014_6",0.0815523059617548
"750","400048_2014_7",0.0873944600799881
"751","400052_2014_6",0
"752","400052_2014_7",0
"753","400056_2014_6",0
"754","400056_2014_7",0
"755","400057_2014_6",0.31190493203051
"756","400057_2014_7",0.31190493203051
"757","400058_2014_6",0
"758","400058_2014_7",0
"759","400059_2014_6",0
"760","400059_2014_7",0
"761","400060_2014_6",0
"762","400060_2014_7",0
"763","400061_2014_6",0
"764","400061_2014_7",0
"765","400062_2014_6",0
"766","400062_2014_7",0
"767","400064_2014_6",0
"768","400064_2014_7",0
"769","400065_2014_6",0
"770","400065_2014_7",0
"771","400066_2014_6",0
"772","400066_2014_7",0
"773","400067_2014_6",0
"774","400067_2014_7",0
"775","400068_2014_6",0
"776","400068_2014_7",0
"777","400070_2014_6",0
"778","400070_2014_7",0
"779","400071_2014_6",0
"780","400071_2014_7",0
"781","400098_2014_6",0
"782","400098_2014_7",0
"783","400100_2014_6",0
"784","400100_2014_7",0
"785","400101_2014_6",0
"786","400101_2014_7",0
"787","400103_2014_6",0
"788","400103_2014_7",0
"789","400140_2014_6",0
"790","400140_2014_7",0
"791","400228_2014_6",0
"792","400228_2014_7",0
"793","400259_2014_6",0
"794","400259_2014_7",0
"795","400266_2014_6",0
"796","400266_2014_7",0
"797","400280_2014_6",0.117647058823529
"798","400280_2014_7",0.117647058823529
"799","400302_2014_6",0
"800","400302_2014_7",0
"801","400315_2014_6",0
"802","400315_2014_7",0
"803","400356_2014_6",0
"804","400356_2014_7",0
"805","400397_2014_6",0
"806","400397_2014_7",0
"807","400404_2014_6",0.191011235955056
"808","400404_2014_7",0.191011235955056
"809","400443_2014_6",0
"810","400443_2014_7",0
"811","400446_2014_6",0
"812","400446_2014_7",0
"813","400497_2014_6",0.215384615384615
"814","400497_2014_7",0.215384615384615
"815","400583_2014_6",0
"816","400583_2014_7",0
"817","400588_2014_6",0
"818","400588_2014_7",0
"819","400603_2014_6",0
"820","400603_2014_7",0
"821","400605_2014_6",0
"822","400605_2014_7",0
"823","400616_2014_6",0
"824","400616_2014_7",0
"825","400629_2014_6",0
"826","400629_2014_7",0
"827","400652_2014_6",0
"828","400652_2014_7",0
"829","400678_2014_6",0
"830","400678_2014_7",0
"831","400731_2014_6",0
"832","400731_2014_7",0
"833","400741_2014_6",0
"834","400741_2014_7",0
"835","500001_2014_6",0
"836","500001_2014_7",0
"837","500002_2014_6",0
"838","500002_2014_7",0
"839","500003_2014_6",0
"840","500003_2014_7",0
"841","500004_2014_6",0
"842","500004_2014_7",0
"843","500005_2014_6",0
"844","500005_2014_7",0
"845","500006_2014_6",0
"846","500006_2014_7",0
"847","500008_2014_6",0
"848","500008_2014_7",0
"849","500009_2014_6",0
"850","500009_2014_7",0
"851","500010_2014_6",0
"852","500010_2014_7",0
"853","500012_2014_6",0.247661763735901
"854","500012_2014_7",0.249121371590085
"855","500013_2014_6",0
"856","500013_2014_7",0
"857","500014_2014_6",0.375657805964107
"858","500014_2014_7",0.378692927484333
"859","500015_2014_6",0
"860","500015_2014_7",0
"861","500018_2014_6",0
"862","500018_2014_7",0
"863","500019_2014_6",0.267432346235466
"864","500019_2014_7",0.267601327807188
"865","500020_2014_6",0
"866","500020_2014_7",0
"867","500021_2014_6",0
"868","500021_2014_7",0
"869","500023_2014_6",0
"870","500023_2014_7",0
"871","500024_2014_6",0
"872","500024_2014_7",0
"873","500025_2014_6",0.233969764730616
"874","500025_2014_7",0.233969764730616
"875","500026_2014_6",0.213761885494639
"876","500026_2014_7",0.213761885494639
"877","500027_2014_6",0.166666666666667
"878","500027_2014_7",0.166666666666667
"879","500028_2014_6",0
"880","500028_2014_7",0
"881","500032_2014_6",0
"882","500032_2014_7",0
"883","500034_2014_6",0
"884","500034_2014_7",0
"885","500035_2014_6",0
"886","500035_2014_7",0
"887","500036_2014_6",0
"888","500036_2014_7",0
"889","500037_2014_6",0.252850887668179
"890","500037_2014_7",0.257938201725898
"891","500038_2014_6",0.111111111111111
"892","500038_2014_7",0.111338376238836
"893","500039_2014_6",0.174272978136277
"894","500039_2014_7",0.174272978136277
"895","500040_2014_6",0.171249252839211
"896","500040_2014_7",0.173163624367715
"897","500042_2014_6",0
"898","500042_2014_7",0
"899","500044_2014_6",0
"900","500044_2014_7",0
"901","500045_2014_6",0
"902","500045_2014_7",0
"903","500046_2014_6",0
"904","500046_2014_7",0
"905","500050_2014_6",0
"906","500050_2014_7",0
"907","500051_2014_6",0.298429319371728
"908","500051_2014_7",0.298429319371728
"909","500052_2014_6",0.269214304933832
"910","500052_2014_7",0.270887093758181
"911","500053_2014_6",0
"912","500053_2014_7",0
"913","500054_2014_6",0
"914","500054_2014_7",0
"915","500058_2014_6",0
"916","500058_2014_7",0
"917","500059_2014_6",0
"918","500059_2014_7",0
"919","500062_2014_6",0
"920","500062_2014_7",0
"921","500064_2014_6",0
"922","500064_2014_7",0
"923","500066_2014_6",0
"924","500066_2014_7",0
"925","500068_2014_6",0.259418419158106
"926","500068_2014_7",0.259418419158106
"927","500070_2014_6",0
"928","500070_2014_7",0
"929","500071_2014_6",0
"930","500071_2014_7",0
"931","500072_2014_6",0
"932","500072_2014_7",0
"933","500074_2014_6",0
"934","500074_2014_7",0
"935","500077_2014_6",0.249560323601829
"936","500077_2014_7",0.249560323601829
"937","500079_2014_6",0.0886314969826747
"938","500079_2014_7",0.0903857008466604
"939","500082_2014_6",0
"940","500082_2014_7",0
"941","500083_2014_6",0.244939039092463
"942","500083_2014_7",0.246525358490464
"943","500084_2014_6",0.225661919630391
"944","500084_2014_7",0.225661919630391
"945","500086_2014_6",0.0203308063404549
"946","500086_2014_7",0.0367849758787043
"947","500088_2014_6",0
"948","500088_2014_7",0
"949","500089_2014_6",0.196892483243782
"950","500089_2014_7",0.196892483243782
"951","500090_2014_6",0.265733396791308
"952","500090_2014_7",0.266921046002855
"953","500118_2014_6",0
"954","500118_2014_7",0
"955","500478_2014_6",0.140845070422535
"956","500478_2014_7",0.140845070422535
"957","500480_2014_6",0.284092051398484
"958","500480_2014_7",0.284092051398484
"959","500490_2014_6",0
"960","500490_2014_7",0
"961","500502_2014_6",0.0768972647464267
"962","500502_2014_7",0.0922826086956522
"963","500518_2014_6",0.282531733620472
"964","500518_2014_7",0.282531733620472
"965","500545_2014_6",0
"966","500545_2014_7",0
"967","500612_2014_6",0.313025879354609
"968","500612_2014_7",0.313454573146064
"969","500615_2014_6",0
"970","500615_2014_7",0
"971","500646_2014_6",0
"972","500646_2014_7",0
"973","500648_2014_6",0.130434782608696
"974","500648_2014_7",0.130434782608696
"975","500653_2014_6",0
"976","500653_2014_7",0
"977","500709_2014_6",0
"978","500709_2014_7",0
"979","600001_2014_6",0.0525204539456321
"980","600001_2014_7",0.0592503022974607
"981","600002_2014_6",0
"982","600002_2014_7",0
"983","600003_2014_6",0.225130890052356
"984","600003_2014_7",0.225130890052356
"985","600004_2014_6",0.274111675126904
"986","600004_2014_7",0.274111675126904
"987","600008_2014_6",0.222555802114606
"988","600008_2014_7",0.233143785540211
"989","600009_2014_6",0.285714285714286
"990","600009_2014_7",0.285714285714286
"991","600010_2014_6",0.115507730027923
"992","600010_2014_7",0.115507730027923
"993","600011_2014_6",0.316582914572864
"994","600011_2014_7",0.316582914572864
"995","600015_2014_6",0
"996","600015_2014_7",0
"997","600016_2014_6",0
"998","600016_2014_7",0
"999","600017_2014_6",0
"1000","600017_2014_7",0
"1001","600018_2014_6",0
"1002","600018_2014_7",0
"1003","600019_2014_6",0
"1004","600019_2014_7",0
"1005","600020_2014_6",0.292682926829268
"1006","600020_2014_7",0.301423262162043
"1007","600021_2014_6",0.269511915965104
"1008","600021_2014_7",0.274957181306582
"1009","600022_2014_6",0
"1010","600022_2014_7",0
"1011","600023_2014_6",0.307692307692308
"1012","600023_2014_7",0.307692307692308
"1013","600024_2014_6",0.261859083152379
"1014","600024_2014_7",0.262174198046717
"1015","600026_2014_6",0.210610930641464
"1016","600026_2014_7",0.211360953590292
"1017","600028_2014_6",0
"1018","600028_2014_7",0
"1019","600032_2014_6",0.182734424835212
"1020","600032_2014_7",0.182734424835212
"1021","600037_2014_6",0.274293961969312
"1022","600037_2014_7",0.275471640768653
"1023","600038_2014_6",0.271527610852389
"1024","600038_2014_7",0.275370413406163
"1025","600041_2014_6",0
"1026","600041_2014_7",0
"1027","600042_2014_6",0
"1028","600042_2014_7",0
"1029","600043_2014_6",0
"1030","600043_2014_7",0
"1031","600044_2014_6",0.204735540110732
"1032","600044_2014_7",0.214857508805636
"1033","600045_2014_6",0
"1034","600045_2014_7",0
"1035","600046_2014_6",0
"1036","600046_2014_7",0
"1037","600047_2014_6",0
"1038","600047_2014_7",0
"1039","600049_2014_6",0.046692607003891
"1040","600049_2014_7",0.046692607003891
"1041","600050_2014_6",0
"1042","600050_2014_7",0
"1043","600051_2014_6",0
"1044","600051_2014_7",0
"1045","600052_2014_6",0.254048968070527
"1046","600052_2014_7",0.257065224398231
"1047","600053_2014_6",0
"1048","600053_2014_7",0
"1049","600056_2014_6",0
"1050","600056_2014_7",0
"1051","600057_2014_6",0.236821755380848
"1052","600057_2014_7",0.238707316515335
"1053","600058_2014_6",0
"1054","600058_2014_7",0
"1055","600059_2014_6",0.225148207765694
"1056","600059_2014_7",0.225148207765694
"1057","600060_2014_6",0
"1058","600060_2014_7",0
"1059","600062_2014_6",0
"1060","600062_2014_7",0
"1061","600063_2014_6",0
"1062","600063_2014_7",0
"1063","600064_2014_6",0
"1064","600064_2014_7",0
"1065","600065_2014_6",0.246962836636639
"1066","600065_2014_7",0.246962836636639
"1067","600066_2014_6",0.118561710398445
"1068","600066_2014_7",0.124559718219661
"1069","600067_2014_6",0
"1070","600067_2014_7",0
"1071","600068_2014_6",0.241568558024254
"1072","600068_2014_7",0.249519695618871
"1073","600069_2014_6",0.273029439696106
"1074","600069_2014_7",0.285211267605634
"1075","600071_2014_6",0
"1076","600071_2014_7",0
"1077","600072_2014_6",0
"1078","600072_2014_7",0
"1079","600074_2014_6",0
"1080","600074_2014_7",0
"1081","600075_2014_6",0
"1082","600075_2014_7",0
"1083","600078_2014_6",0
"1084","600078_2014_7",0
"1085","600079_2014_6",0.274296255116996
"1086","600079_2014_7",0.275761331444759
"1087","600080_2014_6",0.300813008130081
"1088","600080_2014_7",0.300813008130081
"1089","600081_2014_6",0.263157894736842
"1090","600081_2014_7",0.263157894736842
"1091","600082_2014_6",0
"1092","600082_2014_7",0
"1093","600084_2014_6",0.283955448398322
"1094","600084_2014_7",0.283955448398322
"1095","600085_2014_6",0.5
"1096","600085_2014_7",0.5
"1097","600086_2014_6",0
"1098","600086_2014_7",0
"1099","600087_2014_6",0.276176484608951
"1100","600087_2014_7",0.277150930851064
"1101","600088_2014_6",0
"1102","600088_2014_7",0
"1103","600089_2014_6",0.114027354474698
"1104","600089_2014_7",0.122957898524649
"1105","600090_2014_6",0
"1106","600090_2014_7",0
"1107","600091_2014_6",0.412698412698413
"1108","600091_2014_7",0.412698412698413
"1109","600092_2014_6",0.258124106044852
"1110","600092_2014_7",0.26154676216338
"1111","600093_2014_6",0
"1112","600093_2014_7",0
"1113","600094_2014_6",0
"1114","600094_2014_7",0
"1115","600095_2014_6",0
"1116","600095_2014_7",0
"1117","600098_2014_6",0.0193321616871705
"1118","600098_2014_7",0.0312139469298808
"1119","600099_2014_6",0
"1120","600099_2014_7",0
"1121","600101_2014_6",0.215240500999895
"1122","600101_2014_7",0.215457958908155
"1123","600103_2014_6",0
"1124","600103_2014_7",0
"1125","600124_2014_6",0
"1126","600124_2014_7",0
"1127","600125_2014_6",0
"1128","600125_2014_7",0
"1129","600126_2014_6",0
"1130","600126_2014_7",0
"1131","600166_2014_6",0
"1132","600166_2014_7",0
"1133","600219_2014_6",0
"1134","600219_2014_7",0
"1135","600246_2014_6",0.175
"1136","600246_2014_7",0.175
"1137","600292_2014_6",0
"1138","600292_2014_7",0
"1139","600295_2014_6",0
"1140","600295_2014_7",0
"1141","600330_2014_6",0
"1142","600330_2014_7",0
"1143","600360_2014_6",0
"1144","600360_2014_7",0
"1145","600366_2014_6",0
"1146","600366_2014_7",0
"1147","600429_2014_6",0
"1148","600429_2014_7",0
"1149","600460_2014_6",0
"1150","600460_2014_7",0
"1151","600464_2014_6",0
"1152","600464_2014_7",0
"1153","700003_2014_6",0.295430194450513
"1154","700003_2014_7",0.295430194450513
"1155","700004_2014_6",0
"1156","700004_2014_7",0
"1157","700006_2014_6",0
"1158","700006_2014_7",0
"1159","700007_2014_6",0
"1160","700007_2014_7",0
"1161","700008_2014_6",0
"1162","700008_2014_7",0
"1163","700010_2014_6",0
"1164","700010_2014_7",0
"1165","700014_2014_6",0.28109913688009
"1166","700014_2014_7",0.28109913688009
"1167","700015_2014_6",0
"1168","700015_2014_7",0
"1169","700019_2014_6",0
"1170","700019_2014_7",0
"1171","700020_2014_6",0.252747252747253
"1172","700020_2014_7",0.255417719580366
"1173","700022_2014_6",0
"1174","700022_2014_7",0
"1175","700023_2014_6",0
"1176","700023_2014_7",0
"1177","700024_2014_6",0
"1178","700024_2014_7",0
"1179","700026_2014_6",0.333333333333333
"1180","700026_2014_7",0.333333333333333
"1181","700027_2014_6",0.280612244897959
"1182","700027_2014_7",0.280612244897959
"1183","700028_2014_6",0
"1184","700028_2014_7",0
"1185","700029_2014_6",0.0658457489307703
"1186","700029_2014_7",0.06926236828005
"1187","700030_2014_6",0.263070208612284
"1188","700030_2014_7",0.267411793560142
"1189","700031_2014_6",0
"1190","700031_2014_7",0
"1191","700034_2014_6",0.230769230769231
"1192","700034_2014_7",0.230769230769231
"1193","700035_2014_6",0.198141529664046
"1194","700035_2014_7",0.198141529664046
"1195","700036_2014_6",0.145499383477189
"1196","700036_2014_7",0.16441717791411
"1197","700037_2014_6",0
"1198","700037_2014_7",0
"1199","700038_2014_6",0
"1200","700038_2014_7",0
"1201","700039_2014_6",0.192838505904971
"1202","700039_2014_7",0.196436663967941
"1203","700040_2014_6",0
"1204","700040_2014_7",0
"1205","700041_2014_6",0
"1206","700041_2014_7",0
"1207","700042_2014_6",0
"1208","700042_2014_7",0
"1209","700044_2014_6",0
"1210","700044_2014_7",0
"1211","700045_2014_6",0.0387543252595156
"1212","700045_2014_7",0.0387543252595156
"1213","700046_2014_6",0.0523829969944182
"1214","700046_2014_7",0.0664259927797834
"1215","700047_2014_6",0.0900523560209423
"1216","700047_2014_7",0.155497382198953
"1217","700049_2014_6",0.133466911560082
"1218","700049_2014_7",0.133924370372205
"1219","700050_2014_6",0.190903267136451
"1220","700050_2014_7",0.192159931701764
"1221","700052_2014_6",0
"1222","700052_2014_7",0
"1223","700053_2014_6",0.103048911872441
"1224","700053_2014_7",0.119749447310243
"1225","700054_2014_6",0.25
"1226","700054_2014_7",0.25
"1227","700056_2014_6",0.0838809431774256
"1228","700056_2014_7",0.0846456692913386
"1229","700057_2014_6",0
"1230","700057_2014_7",0
"1231","700058_2014_6",0
"1232","700058_2014_7",0
"1233","700059_2014_6",0
"1234","700059_2014_7",0
"1235","700060_2014_6",0
"1236","700060_2014_7",0
"1237","700061_2014_6",0
"1238","700061_2014_7",0
"1239","700063_2014_6",0.246371296547975
"1240","700063_2014_7",0.246371296547975
"1241","700065_2014_6",0.11014771997431
"1242","700065_2014_7",0.134202726733847
"1243","700066_2014_6",0
"1244","700066_2014_7",0
"1245","700067_2014_6",0.278481012658228
"1246","700067_2014_7",0.278481012658228
"1247","700068_2014_6",0
"1248","700068_2014_7",0
"1249","700069_2014_6",0
"1250","700069_2014_7",0
"1251","700071_2014_6",0
"1252","700071_2014_7",0
"1253","700072_2014_6",0.274231437684223
"1254","700072_2014_7",0.274231437684223
"1255","700073_2014_6",0.222019353660763
"1256","700073_2014_7",0.225117370892019
"1257","700074_2014_6",0.25877626292564
"1258","700074_2014_7",0.258814293430672
"1259","700076_2014_6",0
"1260","700076_2014_7",0
"1261","700077_2014_6",0.278277501310737
"1262","700077_2014_7",0.278277501310737
"1263","700078_2014_6",0.226666666666667
"1264","700078_2014_7",0.226666666666667
"1265","700080_2014_6",0
"1266","700080_2014_7",0
"1267","700081_2014_6",0.208791208791209
"1268","700081_2014_7",0.208791208791209
"1269","700083_2014_6",0
"1270","700083_2014_7",0
"1271","700084_2014_6",0
"1272","700084_2014_7",0
"1273","700086_2014_6",0
"1274","700086_2014_7",0
"1275","700087_2014_6",0.275525068045569
"1276","700087_2014_7",0.294771092006814
"1277","700088_2014_6",0
"1278","700088_2014_7",0
"1279","700091_2014_6",0
"1280","700091_2014_7",0
"1281","700093_2014_6",0
"1282","700093_2014_7",0
"1283","700094_2014_6",0.271304146532018
"1284","700094_2014_7",0.271304146532018
"1285","700095_2014_6",0
"1286","700095_2014_7",0
"1287","700097_2014_6",0.287598944591029
"1288","700097_2014_7",0.290813898143741
"1289","700098_2014_6",0
"1290","700098_2014_7",0
"1291","700099_2014_6",0.186312996049944
"1292","700099_2014_7",0.189947344128258
"1293","700100_2014_6",0
"1294","700100_2014_7",0
"1295","700101_2014_6",0.301190977673955
"1296","700101_2014_7",0.301359820868006
"1297","700103_2014_6",0.098122866894198
"1298","700103_2014_7",0.103562551781276
"1299","700117_2014_6",0
"1300","700117_2014_7",0
"1301","700151_2014_6",0
"1302","700151_2014_7",0
"1303","700194_2014_6",0
"1304","700194_2014_7",0
"1305","700196_2014_6",0
"1306","700196_2014_7",0
"1307","700200_2014_6",0
"1308","700200_2014_7",0
"1309","700268_2014_6",0
"1310","700268_2014_7",0
"1311","700293_2014_6",0
"1312","700293_2014_7",0
"1313","700385_2014_6",0.333333333333333
"1314","700385_2014_7",0.333333333333333
"1315","700389_2014_6",0.303346847592256
"1316","700389_2014_7",0.303346847592256
"1317","800001_2014_6",0.22770892631246
"1318","800001_2014_7",0.227716002734895
"1319","800002_2014_6",0.271591460456089
"1320","800002_2014_7",0.276382142030997
"1321","800005_2014_6",0
"1322","800005_2014_7",0
"1323","800006_2014_6",0
"1324","800006_2014_7",0
"1325","800011_2014_6",0
"1326","800011_2014_7",0
"1327","800012_2014_6",0
"1328","800012_2014_7",0
"1329","800013_2014_6",0
"1330","800013_2014_7",0
"1331","800014_2014_6",0.274775686433246
"1332","800014_2014_7",0.279587106640224
"1333","800015_2014_6",0.234105960264901
"1334","800015_2014_7",0.238027203108927
"1335","800016_2014_6",0
"1336","800016_2014_7",0
"1337","800017_2014_6",0
"1338","800017_2014_7",0
"1339","800020_2014_6",0
"1340","800020_2014_7",0
"1341","800021_2014_6",0
"1342","800021_2014_7",0
"1343","800022_2014_6",0
"1344","800022_2014_7",0
"1345","800023_2014_6",0
"1346","800023_2014_7",0
"1347","800024_2014_6",0
"1348","800024_2014_7",0
"1349","800027_2014_6",0
"1350","800027_2014_7",0
"1351","800030_2014_6",0.40755082284608
"1352","800030_2014_7",0.40755082284608
"1353","800031_2014_6",0.0635774375948145
"1354","800031_2014_7",0.0635774375948145
"1355","800032_2014_6",0
"1356","800032_2014_7",0
"1357","800033_2014_6",0
"1358","800033_2014_7",0
"1359","800035_2014_6",0.170347003154574
"1360","800035_2014_7",0.181536074476338
"1361","800036_2014_6",0
"1362","800036_2014_7",0
"1363","800037_2014_6",0
"1364","800037_2014_7",0
"1365","800039_2014_6",0.0821512320762696
"1366","800039_2014_7",0.120977972552185
"1367","800040_2014_6",0.244683086751849
"1368","800040_2014_7",0.247176177204049
"1369","800041_2014_6",0.333333333333333
"1370","800041_2014_7",0.333333333333333
"1371","800042_2014_6",0
"1372","800042_2014_7",0
"1373","800043_2014_6",0.305263157894737
"1374","800043_2014_7",0.305263157894737
"1375","800046_2014_6",0
"1376","800046_2014_7",0
"1377","800047_2014_6",0
"1378","800047_2014_7",0
"1379","800048_2014_6",0
"1380","800048_2014_7",0
"1381","800049_2014_6",0
"1382","800049_2014_7",0
"1383","800050_2014_6",0
"1384","800050_2014_7",0
"1385","800051_2014_6",0.192351992628427
"1386","800051_2014_7",0.225107416402018
"1387","800052_2014_6",0
"1388","800052_2014_7",0
"1389","800053_2014_6",0.285317562355361
"1390","800053_2014_7",0.285317562355361
"1391","800054_2014_6",0.255379522345708
"1392","800054_2014_7",0.255379522345708
"1393","800057_2014_6",0
"1394","800057_2014_7",0
"1395","800059_2014_6",0
"1396","800059_2014_7",0
"1397","800060_2014_6",0
"1398","800060_2014_7",0
"1399","800062_2014_6",0
"1400","800062_2014_7",0
"1401","800063_2014_6",0
"1402","800063_2014_7",0
"1403","800064_2014_6",0
"1404","800064_2014_7",0
"1405","800065_2014_6",0
"1406","800065_2014_7",0
"1407","800072_2014_6",0
"1408","800072_2014_7",0
"1409","800073_2014_6",0
"1410","800073_2014_7",0
"1411","800075_2014_6",0.258928571428571
"1412","800075_2014_7",0.258928571428571
"1413","800076_2014_6",0
"1414","800076_2014_7",0
"1415","800077_2014_6",0
"1416","800077_2014_7",0
"1417","800078_2014_6",0
"1418","800078_2014_7",0
"1419","800079_2014_6",0
"1420","800079_2014_7",0
"1421","800080_2014_6",0
"1422","800080_2014_7",0
"1423","800081_2014_6",0.291891891891892
"1424","800081_2014_7",0.291891891891892
"1425","800083_2014_6",0.198126596650582
"1426","800083_2014_7",0.207253886010363
"1427","800084_2014_6",0.278073221812783
"1428","800084_2014_7",0.278082062903166
"1429","800087_2014_6",0
"1430","800087_2014_7",0
"1431","800088_2014_6",0.225763794144618
"1432","800088_2014_7",0.229118539284276
"1433","800093_2014_6",0
"1434","800093_2014_7",0
"1435","800094_2014_6",0
"1436","800094_2014_7",0
"1437","800095_2014_6",0
"1438","800095_2014_7",0
"1439","800103_2014_6",0.281758672000091
"1440","800103_2014_7",0.281758672000091
"1441","800111_2014_6",0
"1442","800111_2014_7",0
"1443","800138_2014_6",0
"1444","800138_2014_7",0
"1445","800211_2014_6",0
"1446","800211_2014_7",0
"1447","800248_2014_6",0
"1448","800248_2014_7",0
"1449","800252_2014_6",0.23463687150838
"1450","800252_2014_7",0.23463687150838
"1451","900001_2014_6",0
"1452","900001_2014_7",0
"1453","900002_2014_6",0
"1454","900002_2014_7",0
"1455","900003_2014_6",0
"1456","900003_2014_7",0
"1457","900004_2014_6",0
"1458","900004_2014_7",0
"1459","900005_2014_6",0.147058823529411
"1460","900005_2014_7",0.233644859813084
"1461","900006_2014_6",0
"1462","900006_2014_7",0
"1463","900007_2014_6",0
"1464","900007_2014_7",0
"1465","900008_2014_6",0
"1466","900008_2014_7",0
"1467","900009_2014_6",0
"1468","900009_2014_7",0
"1469","900011_2014_6",0.210433467741935
"1470","900011_2014_7",0.222841225626741
"1471","900014_2014_6",0.316239316239316
"1472","900014_2014_7",0.316239316239316
"1473","900015_2014_6",0.132394366197183
"1474","900015_2014_7",0.139979859013092
"1475","900016_2014_6",0
"1476","900016_2014_7",0
"1477","900019_2014_6",0.233722243131351
"1478","900019_2014_7",0.233722243131351
"1479","900020_2014_6",0
"1480","900020_2014_7",0
"1481","900021_2014_6",0
"1482","900021_2014_7",0
"1483","900022_2014_6",0.236576932052016
"1484","900022_2014_7",0.238655818140101
"1485","900023_2014_6",0.337748344370861
"1486","900023_2014_7",0.337748344370861
"1487","900024_2014_6",0
"1488","900024_2014_7",0
"1489","900025_2014_6",0
"1490","900025_2014_7",0
"1491","900028_2014_6",0.233137532914725
"1492","900028_2014_7",0.233490329692354
"1493","900029_2014_6",0
"1494","900029_2014_7",0
"1495","900030_2014_6",0.234660336011687
"1496","900030_2014_7",0.258953345808866
"1497","900031_2014_6",0
"1498","900031_2014_7",0
"1499","900032_2014_6",0.0490788918576853
"1500","900032_2014_7",0.0569439485897894
"1501","900033_2014_6",0
"1502","900033_2014_7",0
"1503","900034_2014_6",0
"1504","900034_2014_7",0
"1505","900037_2014_6",0.247413405308142
"1506","900037_2014_7",0.252791800520116
"1507","900038_2014_6",0.340942562592047
"1508","900038_2014_7",0.340942562592047
"1509","900039_2014_6",0
"1510","900039_2014_7",0
"1511","900042_2014_6",0.062178271471146
"1512","900042_2014_7",0.0648567896146713
"1513","900043_2014_6",0.0806155861165684
"1514","900043_2014_7",0.0806155861165684
"1515","900044_2014_6",0.371428571428571
"1516","900044_2014_7",0.371428571428571
"1517","900045_2014_6",0
"1518","900045_2014_7",0
"1519","900046_2014_6",0
"1520","900046_2014_7",0
"1521","900047_2014_6",0
"1522","900047_2014_7",0
"1523","900049_2014_6",0.246752325845246
"1524","900049_2014_7",0.246752325845246
"1525","900050_2014_6",0.00522230063514465
"1526","900050_2014_7",0.0137603795966785
"1527","900051_2014_6",0.231481481481481
"1528","900051_2014_7",0.231481481481481
"1529","900052_2014_6",0
"1530","900052_2014_7",0
"1531","900053_2014_6",0
"1532","900053_2014_7",0
"1533","900054_2014_6",0
"1534","900054_2014_7",0
"1535","900055_2014_6",0
"1536","900055_2014_7",0
"1537","900056_2014_6",0.281767955801105
"1538","900056_2014_7",0.281767955801105
"1539","900057_2014_6",0
"1540","900057_2014_7",0
"1541","900058_2014_6",0
"1542","900058_2014_7",0
"1543","900059_2014_6",0
"1544","900059_2014_7",0
"1545","900061_2014_6",0
"1546","900061_2014_7",0
"1547","900062_2014_6",0
"1548","900062_2014_7",0
"1549","900064_2014_6",0
"1550","900064_2014_7",0
"1551","900065_2014_6",0.192660550458716
"1552","900065_2014_7",0.21220795768932
"1553","900066_2014_6",0
"1554","900066_2014_7",0
"1555","900067_2014_6",0
"1556","900067_2014_7",0
"1557","900068_2014_6",0
"1558","900068_2014_7",0
"1559","900069_2014_6",0.25
"1560","900069_2014_7",0.25
"1561","900070_2014_6",0.196078431372549
"1562","900070_2014_7",0.199735806095579
"1563","900071_2014_6",0
"1564","900071_2014_7",0
"1565","900072_2014_6",0
"1566","900072_2014_7",0
"1567","900073_2014_6",0
"1568","900073_2014_7",0
"1569","900075_2014_6",0
"1570","900075_2014_7",0
"1571","900076_2014_6",0
"1572","900076_2014_7",0
"1573","900081_2014_6",0
"1574","900081_2014_7",0
"1575","900082_2014_6",0.257575505385788
"1576","900082_2014_7",0.257575505385788
"1577","900085_2014_6",0
"1578","900085_2014_7",0
"1579","900086_2014_6",0
"1580","900086_2014_7",0
"1581","900087_2014_6",0
"1582","900087_2014_7",0
"1583","900088_2014_6",0
"1584","900088_2014_7",0
"1585","900089_2014_6",0
"1586","900089_2014_7",0
"1587","900090_2014_6",1
"1588","900090_2014_7",1
"1589","900091_2014_6",0
"1590","900091_2014_7",0
"1591","900092_2014_6",0
"1592","900092_2014_7",0
"1593","900093_2014_6",0
"1594","900093_2014_7",0
"1595","900095_2014_6",0
"1596","900095_2014_7",0
"1597","900096_2014_6",0
"1598","900096_2014_7",0
"1599","900097_2014_6",0
"1600","900097_2014_7",0
"1601","900100_2014_6",0
"1602","900100_2014_7",0
"1603","900101_2014_6",0
"1604","900101_2014_7",0
"1605","900103_2014_6",0
"1606","900103_2014_7",0
"1607","900104_2014_6",0
"1608","900104_2014_7",0
"1609","900105_2014_6",0
"1610","900105_2014_7",0
"1611","900110_2014_6",0
"1612","900110_2014_7",0
"1613","900111_2014_6",0
"1614","900111_2014_7",0
"1615","900142_2014_6",0
"1616","900142_2014_7",0
"1617","900165_2014_6",0.245033112582781
"1618","900165_2014_7",0.245033112582781
"1619","900176_2014_6",0
"1620","900176_2014_7",0
"1621","900235_2014_6",0
"1622","900235_2014_7",0
"1623","900262_2014_6",0.230769230769231
"1624","900262_2014_7",0.230769230769231
"1625","900293_2014_6",0
"1626","900293_2014_7",0
"1627","900315_2014_6",0
"1628","900315_2014_7",0
"1629","900322_2014_6",0
"1630","900322_2014_7",0
"1631","900356_2014_6",0
"1632","900356_2014_7",0
"1633","900397_2014_6",0.287766927309277
"1634","900397_2014_7",0.290553404496545
"1635","900398_2014_6",0
"1636","900398_2014_7",0
"1637","900399_2014_6",0
"1638","900399_2014_7",0
"1639","900400_2014_6",0.193548387096774
"1640","900400_2014_7",0.193548387096774
"1641","900401_2014_6",0.205331412103746
"1642","900401_2014_7",0.209844559585492
"1643","900402_2014_6",0
"1644","900402_2014_7",0
"1645","900403_2014_6",0
"1646","900403_2014_7",0
"1647","900406_2014_6",0
"1648","900406_2014_7",0
"1649","900407_2014_6",0
"1650","900407_2014_7",0
"1651","900408_2014_6",0.234654234654235
"1652","900408_2014_7",0.234654234654235
"1653","900409_2014_6",0.252103945153742
"1654","900409_2014_7",0.252103945153742
"1655","900410_2014_6",0.328767123287671
"1656","900410_2014_7",0.328767123287671
"1657","900411_2014_6",0.206896551724138
"1658","900411_2014_7",0.206896551724138
"1659","900413_2014_6",0
"1660","900413_2014_7",0
"1661","900414_2014_6",0
"1662","900414_2014_7",0
"1663","900415_2014_6",0.173768447308252
"1664","900415_2014_7",0.173768447308252
"1665","900416_2014_6",0
"1666","900416_2014_7",0
"1667","900417_2014_6",0.3
"1668","900417_2014_7",0.3
"1669","900418_2014_6",0
"1670","900418_2014_7",0
"1671","900419_2014_6",0
"1672","900419_2014_7",0
"1673","900422_2014_6",0
"1674","900422_2014_7",0
"1675","900423_2014_6",0
"1676","900423_2014_7",0
"1677","900425_2014_6",0.100642398286938
"1678","900425_2014_7",0.134672619047619
"1679","900428_2014_6",0.269230769230769
"1680","900428_2014_7",0.269230769230769
"1681","900429_2014_6",0.103647842862154
"1682","900429_2014_7",0.103647842862154
"1683","900430_2014_6",0.236858900277018
"1684","900430_2014_7",0.237426888379883
"1685","900431_2014_6",0
"1686","900431_2014_7",0
"1687","900432_2014_6",0
"1688","900432_2014_7",0
"1689","900433_2014_6",0
"1690","900433_2014_7",0
"1691","1000001_2014_6",0.2515329706613
"1692","1000001_2014_7",0.252954027204159
"1693","1000002_2014_6",0.245283018867925
"1694","1000002_2014_7",0.245283018867925
"1695","1000003_2014_6",0.15153672221757
"1696","1000003_2014_7",0.15153672221757
"1697","1000005_2014_6",0
"1698","1000005_2014_7",0
"1699","1000006_2014_6",0
"1700","1000006_2014_7",0
"1701","1000007_2014_6",0.0258682634730539
"1702","1000007_2014_7",0.0370235934664247
"1703","1000009_2014_6",0
"1704","1000009_2014_7",0
"1705","1000010_2014_6",0
"1706","1000010_2014_7",0
"1707","1000011_2014_6",0
"1708","1000011_2014_7",0
"1709","1000012_2014_6",0
"1710","1000012_2014_7",0
"1711","1000013_2014_6",0
"1712","1000013_2014_7",0
"1713","1000014_2014_6",0.274168393616339
"1714","1000014_2014_7",0.274168393616339
"1715","1000015_2014_6",0.180623973727422
"1716","1000015_2014_7",0.189873417721519
"1717","1000016_2014_6",0.249828101977944
"1718","1000016_2014_7",0.255088069673355
"1719","1000017_2014_6",0
"1720","1000017_2014_7",0
"1721","1000018_2014_6",0.118852459016393
"1722","1000018_2014_7",0.118852459016393
"1723","1000019_2014_6",0
"1724","1000019_2014_7",0
"1725","1000020_2014_6",0
"1726","1000020_2014_7",0
"1727","1000021_2014_6",0
"1728","1000021_2014_7",0
"1729","1000022_2014_6",0
"1730","1000022_2014_7",0
"1731","1000023_2014_6",0
"1732","1000023_2014_7",0
"1733","1000024_2014_6",0
"1734","1000024_2014_7",0
"1735","1000025_2014_6",0
"1736","1000025_2014_7",0
"1737","1000026_2014_6",0
"1738","1000026_2014_7",0
"1739","1000027_2014_6",0.424465733235077
"1740","1000027_2014_7",0.424465733235077
"1741","1000029_2014_6",0
"1742","1000029_2014_7",0
"1743","1000030_2014_6",0.239130434782609
"1744","1000030_2014_7",0.239130434782609
"1745","1000031_2014_6",0.192307692307692
"1746","1000031_2014_7",0.192307692307692
"1747","1000032_2014_6",0
"1748","1000032_2014_7",0
"1749","1000033_2014_6",0
"1750","1000033_2014_7",0
"1751","1000035_2014_6",0.232673267326733
"1752","1000035_2014_7",0.232673267326733
"1753","1000036_2014_6",0
"1754","1000036_2014_7",0
"1755","1000040_2014_6",0
"1756","1000040_2014_7",0
"1757","1000042_2014_6",0
"1758","1000042_2014_7",0
"1759","1000043_2014_6",0
"1760","1000043_2014_7",0
"1761","1000044_2014_6",0.0599461158509205
"1762","1000044_2014_7",0.0703979011805859
"1763","1000045_2014_6",0
"1764","1000045_2014_7",0
"1765","1000046_2014_6",0
"1766","1000046_2014_7",0
"1767","1000047_2014_6",0
"1768","1000047_2014_7",0
"1769","1000048_2014_6",0
"1770","1000048_2014_7",0
"1771","1000076_2014_6",0
"1772","1000076_2014_7",0
"1773","1000077_2014_6",0
"1774","1000077_2014_7",0
"1775","1000078_2014_6",0
"1776","1000078_2014_7",0
"1777","1000083_2014_6",0
"1778","1000083_2014_7",0
"1779","1000084_2014_6",0.0793861015892801
"1780","1000084_2014_7",0.0793861015892801
"1781","1000086_2014_6",0.0486409155937053
"1782","1000086_2014_7",0.0488138686131387
"1783","1000094_2014_6",0
"1784","1000094_2014_7",0
"1785","1000095_2014_6",0.266493516812586
"1786","1000095_2014_7",0.266493516812586
"1787","1000096_2014_6",0.0735068912710567
"1788","1000096_2014_7",0.0783456317755307
"1789","1000097_2014_6",0
"1790","1000097_2014_7",0
"1791","1000098_2014_6",0
"1792","1000098_2014_7",0
"1793","1000099_2014_6",0
"1794","1000099_2014_7",0
"1795","1000100_2014_6",0.247422680412371
"1796","1000100_2014_7",0.247422680412371
"1797","1000101_2014_6",0
"1798","1000101_2014_7",0
"1799","1000102_2014_6",0
"1800","1000102_2014_7",0
"1801","1000103_2014_6",0.139622641509434
"1802","1000103_2014_7",0.14811320754717
"1803","1000104_2014_6",0
"1804","1000104_2014_7",0
"1805","1000105_2014_6",0.254967694745825
"1806","1000105_2014_7",0.256349120614001
"1807","1000106_2014_6",0
"1808","1000106_2014_7",0
"1809","1000108_2014_6",0.303571428571429
"1810","1000108_2014_7",0.303571428571429
"1811","1000109_2014_6",0
"1812","1000109_2014_7",0
"1813","1000110_2014_6",0.16135290148448
"1814","1000110_2014_7",0.190352247093528
"1815","1000111_2014_6",0
"1816","1000111_2014_7",0
"1817","1000112_2014_6",0
"1818","1000112_2014_7",0
"1819","1000113_2014_6",0.304347826086956
"1820","1000113_2014_7",0.304347826086956
"1821","1000114_2014_6",0
"1822","1000114_2014_7",0
"1823","1000116_2014_6",0
"1824","1000116_2014_7",0
"1825","1000117_2014_6",0.192813945215226
"1826","1000117_2014_7",0.192813945215226
"1827","1000118_2014_6",0
"1828","1000118_2014_7",0.0678851174934726
"1829","1000119_2014_6",0
"1830","1000119_2014_7",0
"1831","1000120_2014_6",0
"1832","1000120_2014_7",0
"1833","1000121_2014_6",0
"1834","1000121_2014_7",0
"1835","1000122_2014_6",0
"1836","1000122_2014_7",0
"1837","1000123_2014_6",0.25
"1838","1000123_2014_7",0.25
"1839","1000124_2014_6",0
"1840","1000124_2014_7",0
"1841","1000125_2014_6",0
"1842","1000125_2014_7",0
"1843","1000126_2014_6",0
"1844","1000126_2014_7",0
"1845","1000127_2014_6",0.163928986228638
"1846","1000127_2014_7",0.163928986228638
"1847","1000128_2014_6",0.335260115606936
"1848","1000128_2014_7",0.335260115606936
"1849","1000130_2014_6",0
"1850","1000130_2014_7",0
"1851","1000132_2014_6",0.331838565022422
"1852","1000132_2014_7",0.331838565022422
"1853","1000133_2014_6",0.0947368421052632
"1854","1000133_2014_7",0.0947368421052632
"1855","1000134_2014_6",0
"1856","1000134_2014_7",0
"1857","1000136_2014_6",0
"1858","1000136_2014_7",0
"1859","1000137_2014_6",0
"1860","1000137_2014_7",0
"1861","1000138_2014_6",0.0769230769230769
"1862","1000138_2014_7",0.0769230769230769
"1863","1000139_2014_6",0
"1864","1000139_2014_7",0
"1865","1000140_2014_6",0
"1866","1000140_2014_7",0
"1867","1000141_2014_6",0.333333333333333
"1868","1000141_2014_7",0.333333333333333
"1869","1000143_2014_6",0.166666666666667
"1870","1000143_2014_7",0.166666666666667
"1871","1000145_2014_6",0
"1872","1000145_2014_7",0
"1873","1000146_2014_6",0
"1874","1000146_2014_7",0
"1875","1000147_2014_6",0.125
"1876","1000147_2014_7",0.125
"1877","1000148_2014_6",0
"1878","1000148_2014_7",0
"1879","1000149_2014_6",0
"1880","1000149_2014_7",0
"1881","1000150_2014_6",0.26726046477531
"1882","1000150_2014_7",0.268626216449268
"1883","1000152_2014_6",0.158441558441558
"1884","1000152_2014_7",0.158441558441558
"1885","1000153_2014_6",0.180722891566265
"1886","1000153_2014_7",0.180722891566265
"1887","1000154_2014_6",0.217592592592592
"1888","1000154_2014_7",0.217592592592592
"1889","1000155_2014_6",0
"1890","1000155_2014_7",0
"1891","1000156_2014_6",0.243305573350416
"1892","1000156_2014_7",0.243305573350416
"1893","1000157_2014_6",0.111716621253406
"1894","1000157_2014_7",0.119941669704703
"1895","1000168_2014_6",0
"1896","1000168_2014_7",0
"1897","1000174_2014_6",0
"1898","1000174_2014_7",0
"1899","1000175_2014_6",0
"1900","1000175_2014_7",0
"1901","1100002_2014_6",0
"1902","1100002_2014_7",0
"1903","1100004_2014_6",0
"1904","1100004_2014_7",0
"1905","1100005_2014_6",0
"1906","1100005_2014_7",0
"1907","1100006_2014_6",0
"1908","1100006_2014_7",0
"1909","1100008_2014_6",0
"1910","1100008_2014_7",0
"1911","1100009_2014_6",0.100931557471707
"1912","1100009_2014_7",0.109537299338999
"1913","1100011_2014_6",0
"1914","1100011_2014_7",0
"1915","1100013_2014_6",0
"1916","1100013_2014_7",0
"1917","1100017_2014_6",0
"1918","1100017_2014_7",0
"1919","1100020_2014_6",0
"1920","1100020_2014_7",0
"1921","1100021_2014_6",0
"1922","1100021_2014_7",0
"1923","1100029_2014_6",0
"1924","1100029_2014_7",0
"1925","1100031_2014_6",0
"1926","1100031_2014_7",0
"1927","1100033_2014_6",0
"1928","1100033_2014_7",0
"1929","1100034_2014_6",0
"1930","1100034_2014_7",0
"1931","1100035_2014_6",0
"1932","1100035_2014_7",0
"1933","1100038_2014_6",0
"1934","1100038_2014_7",0
"1935","1100039_2014_6",0
"1936","1100039_2014_7",0
"1937","1100040_2014_6",0
"1938","1100040_2014_7",0
"1939","1100042_2014_6",0
"1940","1100042_2014_7",0
"1941","1100043_2014_6",0
"1942","1100043_2014_7",0
"1943","1100045_2014_6",0
"1944","1100045_2014_7",0
"1945","1100051_2014_6",0.272727272727273
"1946","1100051_2014_7",0.272727272727273
"1947","1100052_2014_6",0.272727272727273
"1948","1100052_2014_7",0.272727272727273
"1949","1100055_2014_6",0.0714285714285714
"1950","1100055_2014_7",0.0714285714285714
"1951","1100056_2014_6",0
"1952","1100056_2014_7",0
"1953","1100057_2014_6",0
"1954","1100057_2014_7",0
"1955","1100059_2014_6",0.145140308492845
"1956","1100059_2014_7",0.151726907630522
"1957","1100061_2014_6",0
"1958","1100061_2014_7",0
"1959","1100062_2014_6",1
"1960","1100062_2014_7",1
"1961","1100064_2014_6",0
"1962","1100064_2014_7",0
"1963","1100066_2014_6",0
"1964","1100066_2014_7",0
"1965","1100067_2014_6",0
"1966","1100067_2014_7",0
"1967","1100068_2014_6",0.0454545454545455
"1968","1100068_2014_7",0.0454545454545455
"1969","1100069_2014_6",0
"1970","1100069_2014_7",0
"1971","1100070_2014_6",0
"1972","1100070_2014_7",0
"1973","1100071_2014_6",0
"1974","1100071_2014_7",0
"1975","1100072_2014_6",0
"1976","1100072_2014_7",0
"1977","1100073_2014_6",0
"1978","1100073_2014_7",0
"1979","1100075_2014_6",0
"1980","1100075_2014_7",0
"1981","1100076_2014_6",0
"1982","1100076_2014_7",0
"1983","1100077_2014_6",0
"1984","1100077_2014_7",0
"1985","1100078_2014_6",0
"1986","1100078_2014_7",0
"1987","1100079_2014_6",0
"1988","1100079_2014_7",0
"1989","1100081_2014_6",0.0999523469144628
"1990","1100081_2014_7",0.104940702813881
"1991","1100082_2014_6",0.290155440414508
"1992","1100082_2014_7",0.290155440414508
"1993","1100083_2014_6",0
"1994","1100083_2014_7",0
"1995","1100089_2014_6",0
"1996","1100089_2014_7",0
"1997","1100090_2014_6",0
"1998","1100090_2014_7",0
"1999","1100092_2014_6",0.211538461538462
"2000","1100092_2014_7",0.211538461538462
"2001","1100093_2014_6",0
"2002","1100093_2014_7",0
"2003","1100095_2014_6",0
"2004","1100095_2014_7",0
"2005","1100096_2014_6",0.235294117647059
"2006","1100096_2014_7",0.235294117647059
"2007","1100097_2014_6",0.237623762376238
"2008","1100097_2014_7",0.237623762376238
"2009","1100098_2014_6",0
"2010","1100098_2014_7",0
"2011","1100099_2014_6",0
"2012","1100099_2014_7",0
"2013","1100101_2014_6",0.415322580645161
"2014","1100101_2014_7",0.455370650529501
"2015","1100102_2014_6",0
"2016","1100102_2014_7",0
"2017","1100103_2014_6",0.259887005649718
"2018","1100103_2014_7",0.276068854088988
"2019","1100104_2014_6",0
"2020","1100104_2014_7",0
"2021","1100105_2014_6",0.237179487179487
"2022","1100105_2014_7",0.237179487179487
"2023","1100106_2014_6",0.206744057490326
"2024","1100106_2014_7",0.206744057490326
"2025","1100107_2014_6",0
"2026","1100107_2014_7",0
"2027","1100108_2014_6",0
"2028","1100108_2014_7",0
"2029","1100110_2014_6",0
"2030","1100110_2014_7",0
"2031","1100111_2014_6",0
"2032","1100111_2014_7",0
"2033","1100112_2014_6",0.266037460471905
"2034","1100112_2014_7",0.266037460471905
"2035","1100115_2014_6",0
"2036","1100115_2014_7",0
"2037","1100119_2014_6",0
"2038","1100119_2014_7",0
"2039","1100127_2014_6",0
"2040","1100127_2014_7",0
"2041","1100128_2014_6",0
"2042","1100128_2014_7",0
"2043","1100129_2014_6",0
"2044","1100129_2014_7",0
"2045","1100130_2014_6",0.276041666666667
"2046","1100130_2014_7",0.276041666666667
"2047","1100132_2014_6",0.28358825961141
"2048","1100132_2014_7",0.286870481202633
"2049","1200003_2014_6",0.258222371571386
"2050","1200003_2014_7",0.259877270604976
"2051","1200004_2014_6",0
"2052","1200004_2014_7",0
"2053","1200005_2014_6",0
"2054","1200005_2014_7",0
"2055","1200006_2014_6",0.231609899534428
"2056","1200006_2014_7",0.233611164954449
"2057","1200007_2014_6",0
"2058","1200007_2014_7",0
"2059","1200008_2014_6",0
"2060","1200008_2014_7",0
"2061","1200009_2014_6",0
"2062","1200009_2014_7",0
"2063","1200010_2014_6",0
"2064","1200010_2014_7",0
"2065","1200011_2014_6",0.292357598559032
"2066","1200011_2014_7",0.294283891714865
"2067","1200012_2014_6",0
"2068","1200012_2014_7",0
"2069","1200013_2014_6",0
"2070","1200013_2014_7",0
"2071","1200014_2014_6",0.162701650869374
"2072","1200014_2014_7",0.162701650869374
"2073","1200015_2014_6",0.274271475310051
"2074","1200015_2014_7",0.277502481277633
"2075","1200016_2014_6",0
"2076","1200016_2014_7",0
"2077","1200018_2014_6",0
"2078","1200018_2014_7",0
"2079","1200019_2014_6",0
"2080","1200019_2014_7",0
"2081","1200020_2014_6",0
"2082","1200020_2014_7",0
"2083","1200022_2014_6",0
"2084","1200022_2014_7",0
"2085","1200027_2014_6",0
"2086","1200027_2014_7",0
"2087","1200030_2014_6",0
"2088","1200030_2014_7",0
"2089","1200031_2014_6",0.328205128205128
"2090","1200031_2014_7",0.328205128205128
"2091","1200032_2014_6",0
"2092","1200032_2014_7",0
"2093","1200033_2014_6",0
"2094","1200033_2014_7",0
"2095","1200034_2014_6",0
"2096","1200034_2014_7",0
"2097","1200035_2014_6",0
"2098","1200035_2014_7",0
"2099","1200036_2014_6",0
"2100","1200036_2014_7",0
"2101","1200037_2014_6",0
"2102","1200037_2014_7",0
"2103","1200038_2014_6",0
"2104","1200038_2014_7",0
"2105","1200040_2014_6",0.266666666666667
"2106","1200040_2014_7",0.266666666666667
"2107","1200041_2014_6",0.160040388741638
"2108","1200041_2014_7",0.160040388741638
"2109","1200042_2014_6",0
"2110","1200042_2014_7",0
"2111","1200044_2014_6",0
"2112","1200044_2014_7",0
"2113","1200045_2014_6",0
"2114","1200045_2014_7",0
"2115","1200048_2014_6",0.24390243902439
"2116","1200048_2014_7",0.24390243902439
"2117","1200049_2014_6",0.167712779312076
"2118","1200049_2014_7",0.167712779312076
"2119","1200050_2014_6",0.173913043478261
"2120","1200050_2014_7",0.173913043478261
"2121","1200051_2014_6",0
"2122","1200051_2014_7",0
"2123","1200052_2014_6",0
"2124","1200052_2014_7",0
"2125","1200053_2014_6",0.262081784386617
"2126","1200053_2014_7",0.263959390862944
"2127","1200055_2014_6",0
"2128","1200055_2014_7",0
"2129","1200056_2014_6",0
"2130","1200056_2014_7",0
"2131","1200060_2014_6",0
"2132","1200060_2014_7",0
"2133","1200061_2014_6",0
"2134","1200061_2014_7",0
"2135","1200062_2014_6",0.290863668807994
"2136","1200062_2014_7",0.290863668807994
"2137","1200066_2014_6",0
"2138","1200066_2014_7",0
"2139","1200067_2014_6",0.32
"2140","1200067_2014_7",0.32
"2141","1200069_2014_6",0
"2142","1200069_2014_7",0
"2143","1200070_2014_6",0.206088992974239
"2144","1200070_2014_7",0.206088992974239
"2145","1200071_2014_6",0
"2146","1200071_2014_7",0
"2147","1200075_2014_6",0
"2148","1200075_2014_7",0
"2149","1200076_2014_6",0.0876739562624254
"2150","1200076_2014_7",0.0892429682824655
"2151","1200078_2014_6",0
"2152","1200078_2014_7",0
"2153","1200080_2014_6",0
"2154","1200080_2014_7",0
"2155","1200081_2014_6",0
"2156","1200081_2014_7",0
"2157","1200082_2014_6",0
"2158","1200082_2014_7",0
"2159","1200083_2014_6",0.23314351554364
"2160","1200083_2014_7",0.23314351554364
"2161","1200084_2014_6",0
"2162","1200084_2014_7",0
"2163","1200087_2014_6",0.281928139452152
"2164","1200087_2014_7",0.281928139452152
"2165","1200089_2014_6",0
"2166","1200089_2014_7",0
"2167","1200091_2014_6",0
"2168","1200091_2014_7",0
"2169","1200092_2014_6",0
"2170","1200092_2014_7",0
"2171","1200093_2014_6",0
"2172","1200093_2014_7",0
"2173","1200094_2014_6",0
"2174","1200094_2014_7",0
"2175","1200096_2014_6",0
"2176","1200096_2014_7",0
"2177","1200097_2014_6",0.276923076923077
"2178","1200097_2014_7",0.276923076923077
"2179","1200098_2014_6",0
"2180","1200098_2014_7",0
"2181","1200100_2014_6",0.234042553191489
"2182","1200100_2014_7",0.234042553191489
"2183","1200101_2014_6",0
"2184","1200101_2014_7",0
"2185","1200102_2014_6",0
"2186","1200102_2014_7",0
"2187","1200103_2014_6",0
"2188","1200103_2014_7",0
"2189","1200105_2014_6",0
"2190","1200105_2014_7",0
"2191","1200106_2014_6",0
"2192","1200106_2014_7",0
"2193","1200108_2014_6",0.22680412371134
"2194","1200108_2014_7",0.22680412371134
"2195","1200111_2014_6",0
"2196","1200111_2014_7",0
"2197","1200116_2014_6",0
"2198","1200116_2014_7",0
"2199","1200117_2014_6",0
"2200","1200117_2014_7",0
"2201","1200122_2014_6",0
"2202","1200122_2014_7",0
"2203","1200125_2014_6",0
"2204","1200125_2014_7",0
"2205","1200126_2014_6",0
"2206","1200126_2014_7",0
"2207","1200127_2014_6",0.362518301610542
"2208","1200127_2014_7",0.362518301610542
"2209","1200128_2014_6",0
"2210","1200128_2014_7",0
"2211","1200129_2014_6",0.237630623388863
"2212","1200129_2014_7",0.238905913664945
"2213","1200130_2014_6",0.0155709342560554
"2214","1200130_2014_7",0.0202952029520295
"2215","1200131_2014_6",0
"2216","1200131_2014_7",0
"2217","1200132_2014_6",0
"2218","1200132_2014_7",0
"2219","1200133_2014_6",0
"2220","1200133_2014_7",0
"2221","1200134_2014_6",0
"2222","1200134_2014_7",0
"2223","1200136_2014_6",0
"2224","1200136_2014_7",0
"2225","1200137_2014_6",0
"2226","1200137_2014_7",0
"2227","1200138_2014_6",0
"2228","1200138_2014_7",0
"2229","1300003_2014_6",0.303752771853505
"2230","1300003_2014_7",0.304750946353828
"2231","1300004_2014_6",0
"2232","1300004_2014_7",0
"2233","1300005_2014_6",0
"2234","1300005_2014_7",0
"2235","1300006_2014_6",0
"2236","1300006_2014_7",0
"2237","1300009_2014_6",0
"2238","1300009_2014_7",0
"2239","1300013_2014_6",0
"2240","1300013_2014_7",0
"2241","1300014_2014_6",0
"2242","1300014_2014_7",0
"2243","1300015_2014_6",0
"2244","1300015_2014_7",0
"2245","1300016_2014_6",0.293706293706294
"2246","1300016_2014_7",0.293706293706294
"2247","1300017_2014_6",0
"2248","1300017_2014_7",0
"2249","1300018_2014_6",0
"2250","1300018_2014_7",0
"2251","1300019_2014_6",0
"2252","1300019_2014_7",0
"2253","1300024_2014_6",0
"2254","1300024_2014_7",0
"2255","1300025_2014_6",0
"2256","1300025_2014_7",0
"2257","1300027_2014_6",0.391304347826087
"2258","1300027_2014_7",0.391304347826087
"2259","1300036_2014_6",0
"2260","1300036_2014_7",0
"2261","1300037_2014_6",0
"2262","1300037_2014_7",0
"2263","1300041_2014_6",0
"2264","1300041_2014_7",0
"2265","1300043_2014_6",0
"2266","1300043_2014_7",0
"2267","1300044_2014_6",0.114285714285714
"2268","1300044_2014_7",0.114285714285714
"2269","1300046_2014_6",0
"2270","1300046_2014_7",0
"2271","1300050_2014_6",0.333333333333333
"2272","1300050_2014_7",0.333333333333333
"2273","1300051_2014_6",0.222222222222222
"2274","1300051_2014_7",0.222222222222222
"2275","1300052_2014_6",0.176470588235294
"2276","1300052_2014_7",0.176470588235294
"2277","1300053_2014_6",0
"2278","1300053_2014_7",0
"2279","1300054_2014_6",0.204081632653061
"2280","1300054_2014_7",0.204081632653061
"2281","1300057_2014_6",0.130434782608696
"2282","1300057_2014_7",0.130434782608696
"2283","1300058_2014_6",0
"2284","1300058_2014_7",0
"2285","1300059_2014_6",0.213114754098361
"2286","1300059_2014_7",0.213114754098361
"2287","1300060_2014_6",0
"2288","1300060_2014_7",0
"2289","1300063_2014_6",1
"2290","1300063_2014_7",1
"2291","1300066_2014_6",0.5
"2292","1300066_2014_7",0.5
"2293","1300073_2014_6",0.239130434782609
"2294","1300073_2014_7",0.239130434782609
"2295","1300075_2014_6",0.0833333333333333
"2296","1300075_2014_7",0.0833333333333333
"2297","1300077_2014_6",0
"2298","1300077_2014_7",0
"2299","1300084_2014_6",0
"2300","1300084_2014_7",0
"2301","1300088_2014_6",0
"2302","1300088_2014_7",0
"2303","1300090_2014_6",0
"2304","1300090_2014_7",0
"2305","1300093_2014_6",0
"2306","1300093_2014_7",0
"2307","1300095_2014_6",0.15625
"2308","1300095_2014_7",0.15625
"2309","1300096_2014_6",0.333333333333333
"2310","1300096_2014_7",0.333333333333333
"2311","1300097_2014_6",0
"2312","1300097_2014_7",0
"2313","1300099_2014_6",0
"2314","1300099_2014_7",0
"2315","1300102_2014_6",0
"2316","1300102_2014_7",0
"2317","1300105_2014_6",0.125
"2318","1300105_2014_7",0.125
"2319","1300107_2014_6",0
"2320","1300107_2014_7",0
"2321","1300108_2014_6",0
"2322","1300108_2014_7",0
"2323","1300114_2014_6",0
"2324","1300114_2014_7",0
"2325","1300117_2014_6",0
"2326","1300117_2014_7",0
"2327","1300122_2014_6",0.214285714285714
"2328","1300122_2014_7",0.214285714285714
"2329","1300123_2014_6",0.282178217821782
"2330","1300123_2014_7",0.282178217821782
"2331","1300125_2014_6",0
"2332","1300125_2014_7",0
"2333","1300126_2014_6",0
"2334","1300126_2014_7",0
"2335","1300130_2014_6",0
"2336","1300130_2014_7",0
"2337","1300131_2014_6",0.111111111111111
"2338","1300131_2014_7",0.111111111111111
"2339","1400001_2014_6",0.37037037037037
"2340","1400001_2014_7",0.37037037037037
"2341","1400004_2014_6",0.326086956521739
"2342","1400004_2014_7",0.326086956521739
"2343","1400009_2014_6",0
"2344","1400009_2014_7",0
"2345","1400010_2014_6",0.44
"2346","1400010_2014_7",0.44
